Name_of_player,Country
Zaheer Abbas ,Pakistan
Syed Abid Ali ,India
Jimmy Adams ,West Indies
Jonathan Agnew ,England
Saliya Ahangama ,Sri Lanka
Ijaz Ahmed ,Pakistan
Mushtaq Ahmed ,Pakistan
Shafiq Ahmed ,Pakistan
Shakeel Ahmed ,Pakistan
Tausif Ahmed ,Pakistan
Younis Ahmed ,Pakistan
Mansoor Akhtar ,Pakistan
Wasim Akram ,Pakistan
Intikhab Alam ,Pakistan
Terry Alderman ,Australia
Ashraf Ali ,Pakistan
Basit Ali ,Pakistan
Liaqat Ali ,Pakistan
Paul Allott ,England
Saleem Altaf ,Pakistan
Kaushik Amalean ,Sri Lanka
Mohinder Amarnath ,India
Surinder Amarnath ,India
Curtly Ambrose ,West Indies
Dennis Amiss ,England
Praveen Amre ,India
Robert Anderson ,New Zealand
Jo Angel ,Australia
Naved Anjum ,Pakistan
Salil Ankola ,India
Sangarange Anurasiri ,Sri Lanka
Saeed Anwar ,Pakistan
Taslim Arif ,Pakistan
Geoffrey Arnold ,England
Kevin Arnott ,Zimbabwe
Keith Arthurton ,West Indies
Bharathi Arun ,India
Marvan Atapattu ,Sri Lanka
Michael Atherton ,England
Charles Athey ,England
Richard Austin ,West Indies
Arshad Ayub ,India
Kirtivardhan Azad ,India
Mohammad Azharuddin ,India
Sheik Bacchus ,West Indies
Robert Bailey ,England
David Bairstow ,England
Sikander Bakht ,Pakistan
Subroto Banerjee ,India
Eldine Baptiste ,West Indies
Wasim Bari ,Pakistan
Graham Barlow ,England
Kim Barnett ,England
Graeme Beard ,Australia
Bishen Bedi ,India
Kenneth Benjamin ,West Indies
Winston Benjamin ,West Indies
Murray Bennett ,Australia
Mark Benson ,England
Carlisle Best ,West Indies
Martin Bicknell ,England
Roger Binny ,India
Ian Bishop ,West Indies
Tony Blain ,New Zealand
Richard Blakey ,England
Stephen Boock ,New Zealand
David Boon ,Australia
Allan Border ,Australia
Tertius Bosch ,South Africa
Sir Ian Botham ,England
Keith Boyce ,West Indies
Geoff Boycott ,England
Brendon Bracewell ,New Zealand
John Bracewell ,New Zealand
Grant Bradburn ,New Zealand
David Brain ,Zimbabwe
Eddo Brandes ,Zimbabwe
Mike Brearley ,England
Gavin Briant ,Zimbabwe
Raymond Bright ,Australia
Chris Broad ,England
Vaughan Brown ,New Zealand
Mark Burgess ,New Zealand
Mark Burmester ,Zimbabwe
Alan Butcher ,England
Roland Butcher ,England
Andy Caddick ,England
Lance Cairns ,New Zealand
Chris Cairns ,New Zealand
Ian Callen ,Australia
Alistair Campbell ,Zimbabwe
Gegory Campbell ,Australia
David Capel ,England
Philip Carlson ,Australia
Bhagwat Chandrasekhar ,India
Greg Chappell ,Australia
Ian Chappell ,Australia
Trevor Chappell ,Australia
Ewen Chatfield ,New Zealand
Chetandra Chauhan ,India
Rajesh Chauhan ,India
Wayne Clark ,Australia
Sylvester Clarke ,West Indies
Brian Close ,England
David Colley ,Australia
Richard Collinge ,New Zealand
Jeremy Coney ,New Zealand
Bevan Congdon ,New Zealand
Alan Connolly ,Australia
Geoffrey Cook ,England
Nicholas Cook ,England
Stephen Cook ,South Africa
Geoffrey Cope ,England
Garry Cosier ,Australia
Norman Cowans ,England
Christopher Cowdrey ,England
Sir Colin Cowdrey ,England
Gary Crocker ,Zimbabwe
Colin Croft ,West Indies
Hansie Cronje ,South Africa
Jeffrey Crowe ,New Zealand
Martin Crowe ,New Zealand
Daryll Cullinan ,South Africa
Anderson Cummins ,West Indies
Basil D'Oliveira ,England
Anil Dalpat ,Pakistan
Wayne Daniel ,West Indies
Rick Darling ,Australia
Ian Davis ,Australia
Simon Davis ,Australia
Winston Davis ,West Indies
Guy De Alwis ,Sri Lanka
Phillip De Freitas ,England
Richard De Groen ,New Zealand
Ashantha De Mel ,Sri Lanka
Ashley de Silva ,Sri Lanka
Somachandra De Silva ,Sri Lanka
Asoka De Silva ,Sri Lanka
Ajit de Silva ,Sri Lanka
Aravinda de Silva ,Sri Lanka
Fanie De Villiers ,South Africa
Michael Denness ,England
Kapil Dev ,India
Roy Dias ,Sri Lanka
Graham Dilley ,England
Anthony Dodemaide ,Australia
Allan Donald ,South Africa
Dilip Doshi ,India
Simon Doull ,New Zealand
Paul Downton ,England
Jeff Dujon ,West Indies
Gregory Dyer ,Australia
Geoffrey Dymock ,Australia
John Dyson ,Australia
Bruce Edgar ,New Zealand
Phillippe Edmonds ,England
John Edrich ,England
Graham Edwards ,New Zealand
Ross Edwards ,Australia
Walter Edwards ,Australia
Manzoor Elahi ,Pakistan
Richard Ellison ,England
John Emburey ,England
Farokh Engineer ,India
Neil Fairbrother ,England
Ijaz Faqih ,Pakistan
Zahid Fazal ,Pakistan
Ellukutige Fernando ,Sri Lanka
Keith Fletcher ,England
Andrew Flower ,Zimbabwe
Grant Flower ,Zimbabwe
Maurice Foster ,West Indies
Neil Foster ,England
Graeme Fowler ,England
Trevor Franklin ,New Zealand
Angus Fraser ,England
Roy Fredericks ,West Indies
Bruce French ,England
Anshuman Gaekwad ,India
Joel Garner ,West Indies
Mike Gatting ,England
Sunil Gavaskar ,India
Nadeem Ghauri ,Pakistan
Karsan Ghavri ,India
Lance Gibbs ,West Indies
Norman Gifford ,England
David Gilbert ,Australia
Stuart Gillespie ,New Zealand
Gary Gilmour ,Australia
Larry Gomes ,West Indies
Graham Gooch ,England
Yohan Goonasekera ,Sri Lanka
Hettiarachige Goonatillake ,Sri Lanka
David Gower ,England
Anthony Gray ,West Indies
Evan Gray ,New Zealand
Mark Greatbatch ,New Zealand
Alvin Greenidge ,West Indies
Gordon Greenidge ,West Indies
Tony Greig ,England
Asanka Gurusinha ,Sri Lanka
Dayle Hadlee ,New Zealand
Sir Richard Hadlee ,New Zealand
Azeem Hafeez ,Pakistan
Jeffrey Hammond ,Australia
John Hampshire ,England
Roger Harper ,West Indies
Chris Harris ,New Zealand
Blair Hartland ,New Zealand
Mark Haslam ,New Zealand
Brian Hastings ,New Zealand
Chandika Hathurusingha ,Sri Lanka
Frank Hayes ,England
Desmond Haynes ,West Indies
Ronald Headley ,West Indies
Ian Healy ,Australia
Edward Hemmings ,England
Michael Hendrick ,England
Omar Henry ,South Africa
Graeme Hick ,England
Andrew Hilditch ,Australia
Narendra Hirwani ,India
Thomas Hogan ,Australia
Rodney Hogg ,Australia
Vanburn Holder ,West Indies
Michael Holding ,West Indies
Robert Holland ,Australia
David Hookes ,Australia
Carl Hooper ,West Indies
Philip Horne ,New Zealand
David Houghton ,Zimbabwe
Geoff Howarth ,New Zealand
Hedley Howarth ,New Zealand
Andrew Hudson ,South Africa
Kim Hughes ,Australia
Merv Hughes ,Australia
Alan Hurst ,Australia
Nasser Hussain ,England
Alan Igglesden ,England
Ray Illingworth ,England
Richard Illingworth ,England
Asif Iqbal ,Pakistan
Robin Jackman ,England
Ajay Jadeja ,India
Salim Jaffer ,Pakistan
Jalaluddin ,Pakistan
John Jameson ,England
Malcolm Jarvis ,Zimbabwe
Paul Jarvis ,England
Aaqib Javed ,Pakistan
Rohan Jayasekera ,Sri Lanka
Sanath Jayasuriya ,Sri Lanka
Sridharan Jeganathan ,Sri Lanka
Terrence Jenner ,Australia
Vinothen John ,Sri Lanka
Andrew Jones ,New Zealand
Dean Jones ,Australia
Bernard Julien ,West Indies
Brendon Julian ,Australia
Alvin Kallicharran ,West Indies
Lalith Kaluperuma ,Sri Lanka
Sanath Kaluperuma ,Sri Lanka
Romesh Kaluwitharana ,Sri Lanka
Mohsin Kamal ,Pakistan
Vinod Kambli ,India
Rohan Kanhai ,West Indies
Martin Kent ,Australia
Robert Kerr ,Australia
Imran Khan ,Pakistan
Majid Khan ,Pakistan
Mohsin Khan ,Pakistan
Moin Khan ,Pakistan
Nadeem Khan ,Pakistan
Rashid Khan ,Pakistan
Zakir Khan ,Pakistan
Collis King ,West Indies
Syed Kirmani ,India
Gary Kirsten ,South Africa
Peter Kirsten ,South Africa
Alan Knott ,England
Pallemoni Krishnamurthy ,India
Christopher Kuggeleijn ,New Zealand
Adrian Kuiper ,South Africa
Rajiv Kulkarni ,India
Anil Kumble ,India
Brendon Kuruppu ,Sri Lanka
Graeme Labrooy ,Sri Lanka
Bruce Laird ,Australia
Arun Lal ,India
Allan Lamb ,England
Raman Lamba ,India
Clayton Lambert ,United States
Justin Langer ,Australia
Brian Lara ,West Indies
Wayne Larkins ,England
Rodney Latham ,New Zealand
Rashid Latif ,Pakistan
Trevor Laughlin ,Australia
David Lawrence ,England
Bill Lawry ,Australia
Geoff Lawson ,Australia
Warren Lees ,New Zealand
John Lever ,England
Peter Lever ,England
Chris Lewis ,England
Dennis Lillee ,Australia
Dulip Liyanage ,Sri Lanka
Clive Lloyd ,West Indies
David Lloyd ,England
Timothy Lloyd ,England
Gus Logie ,West Indies
Brian Luckhurst ,England
John Maclean ,Australia
Sharma Madan Lal ,India
Ranjan Madugalle ,Sri Lanka
Ranjith Madurasinghe ,Sri Lanka
John Maguire ,Australia
Roshan Mahanama ,Sri Lanka
Shahid Mahboob ,Pakistan
Devon Malcolm ,England
Ashok Malhotra ,India
Aamer Malik ,Pakistan
Saleem Malik ,Pakistan
Ashley Mallett ,Australia
Michael Malone ,Australia
Sanjay Manjrekar ,India
Ashok Mankad ,India
Victor Marks ,England
Geoff Marsh ,Australia
Rod Marsh ,Australia
Malcolm Marshall ,West Indies
Damien Martyn ,Australia
Asif Masood ,Pakistan
Robert Massie ,Australia
Craig Matthews ,South Africa
Greg Matthews ,Australia
Everton Mattis ,West Indies
Tim May ,Australia
Matthew Maynard ,England
Richard McCosker ,Australia
Craig McDermott ,Australia
Paul McEwan ,New Zealand
Glenn McGrath ,Australia
Graham McKenzie ,Australia
Brian McMillan ,South Africa
Duleep Mendis ,Sri Lanka
Javed Miandad ,Pakistan
Geoff Miller ,England
Mushtaq Mohammad ,Pakistan
Sadiq Mohammad ,Pakistan
Shoaib Mohammad ,Pakistan
Tom Moody ,Australia
Kiran More ,India
John Morris ,England
Danny Morrison ,New Zealand
John Morrison ,New Zealand
Ezra Moseley ,West Indies
Jeffrey Moss ,Australia
Martyn Moxon ,England
Asif Mujtaba ,Pakistan
Muttiah Muralitharan ,Sri Lanka
David Murray ,West Indies
Deryck Murray ,West Indies
Junior Murray ,West Indies
Sudhir Naik ,India
Tahir Naqqash ,Pakistan
Dion Nash ,New Zealand
Sarfraz Nawaz ,Pakistan
Surendra Nayak ,India
Mudassar Nazar ,Pakistan
Aamir Nazir ,Pakistan
Mohammed Nazir ,Pakistan
Simon O'Donnell ,Australia
Kerry O'Keeffe ,Australia
David O'Sullivan ,New Zealand
Chris Old ,England
Qasim Omar ,Pakistan
Michael Owens ,New Zealand
Chandrakant Pandit ,India
Ghulam Parkar ,India
John Parker ,New Zealand
Norman Parker ,New Zealand
Adam Parore ,New Zealand
Derek Parry ,West Indies
Leonard Pascoe ,Australia
Brijesh Patel ,India
Dipak Patel ,New Zealand
Rashid Patel ,India
Sandeep Patil ,India
Balfour Patterson ,West Indies
Thelston Payne ,West Indies
Norbert Phillip ,West Indies
Wayne Phillips ,Australia
Patrick Pocock ,England
Victor Pollard ,New Zealand
Manoj Prabhakar ,India
Mark Priest ,New Zealand
Chris Pringle ,New Zealand
Derek Pringle ,England
Meyrick Pringle ,South Africa
Andrew Pycroft ,Zimbabwe
Abdul Qadir ,Pakistan
Iqbal Qasim ,Pakistan
Carl Rackemann ,Australia
Neal Radford ,England
Clive Radley ,England
Ramiz Raja ,Pakistan
Wasim Raja ,Pakistan
Lalchand Rajput ,India
Venkatapathy Raju ,India
Woorkeri Raman ,India
Champaka Ramanayake ,Sri Lanka
Mark Ramprakash ,England
Azmat Rana ,Pakistan
Anura Ranasinghe ,Sri Lanka
Arjuna Ranatunga ,Sri Lanka
Dammika Ranatunga ,Sri Lanka
Ujesh Ranchod ,Zimbabwe
Derek Randall ,England
Haroon Rashid ,Pakistan
Rumesh Ratnayake ,Sri Lanka
Ravi Ratnayeke ,Sri Lanka
Akram Raza ,Pakistan
Vivek Razdan ,India
Bharat Reddy ,India
Rodney Redmond ,New Zealand
Ian Redpath ,Australia
Dermot Reeve ,England
Bruce Reid ,Australia
John Reid ,New Zealand
Paul Reiffel ,Australia
Jonty Rhodes ,South Africa
Clifton Richards ,England
Sir Viv Richards ,West Indies
David Richardson ,South Africa
Richie Richardson ,West Indies
Greg Ritchie ,Australia
Steve Rixon ,Australia
Andy Roberts ,West Indies
Andrew Roberts ,New Zealand
Gary Robertson ,New Zealand
Richard Robinson ,Australia
Tim Robinson ,England
Graham Roope ,England
Brian Rose ,England
Lawrence Rowe ,West Indies
Mark Rushmere ,South Africa
Jack Russell ,England
Ken Rutherford ,New Zealand
Shahid Saeed ,Pakistan
Ian Salisbury ,England
Athula Samarasekera ,Sri Lanka
Balwinder Sandhu ,India
Brett Schultz ,South Africa
Thirumalai Sekar ,India
Charith Senanayake ,Sri Lanka
Craig Serjeant ,Australia
Ali Omarshah ,Zimbabwe
Ajay Sharma ,India
Chetan Sharma ,India
Gopal Sharma ,India
Parthasarathy Sharma ,India
Sanjeev Sharma ,India
Yashpal Sharma ,India
Ravishankar Shastri ,India
Andrew Sheahan ,Australia
Irvine Shillingford ,West Indies
Sew Shivnarine ,West Indies
Kenneth Shuttleworth ,England
Navjot Sidhu ,India
Amal Silva ,Sri Lanka
Philip Simmons ,West Indies
Bob Simpson ,Australia
Gursharan Singh ,India
Maninder Singh ,India
Yograj Singh ,India
Laxman Sivaramakrishnan ,India
Wilfred Slack ,England
Michael Slater ,Australia
Gladstone Small ,England
Milton Small ,West Indies
Christopher Smith ,England
David Smith ,England
Ian Smith ,New Zealand
Robin Smith ,England
Stephen Smith ,Australia
Martin Snedden ,New Zealand
Richard Snell ,South Africa
John Snow ,England
Sir Garry Sobers ,West Indies
Aamir Sohail ,Pakistan
Eknath Solkar ,India
Kris Srikkanth ,India
Javagal Srinath ,India
Tirumalai Srinivasan ,India
Keith Stackpole ,Australia
David Steele ,England
Graham Stevenson ,England
Alec Stewart ,England
Derek Stirling ,New Zealand
Murphy Su'A ,New Zealand
Pat Symcox ,South Africa
Chris Tavare ,England
Bruce Taylor ,New Zealand
Jonathan Taylor ,England
Leslie Taylor ,England
Mark Taylor ,Australia
Peter Taylor ,Australia
Robert Taylor ,England
Sachin Tendulkar ,India
John Thomas ,England
Froggy Thomson ,Australia
Jeff Thomson ,Australia
Shane Thomson ,New Zealand
Graham Thorpe ,England
Hashan Tillakaratne ,Sri Lanka
Fred Titmus ,England
Roger Tolchard ,England
Peter Toohey ,Australia
Athanasios Traicos ,Zimbabwe
Gary Troup ,New Zealand
Phil Tufnell ,England
Alan Turner ,Australia
Glenn Turner ,New Zealand
Nasim-Ul-Ghani ,Pakistan
Inzamam-ul-Haq ,Pakistan
Derek Underwood ,England
Ata-Ur-Rehman ,Pakistan
Rizwan-Uz-Zaman ,Pakistan
Robert Vance ,New Zealand
Justin Vaughan ,New Zealand
Michael Veletta ,Australia
Dillip Vengsarkar ,India
Srinivas Venkataraghavan ,India
Margasaghayam Venkataramana ,India
Gundappa Viswanath ,India
Sandanand Viswanath ,India
Graham Vivian ,New Zealand
Ajit Wadekar ,India
Kenneth Wadsworth ,New Zealand
Max Walker ,Australia
Courtney Walsh ,West Indies
Doug Walters ,Australia
Bandula Warnapura ,Sri Lanka
Khahakachchi Warnaweera ,Sri Lanka
Shane Warne ,Australia
Atul Wassan ,India
Steven Watkin ,England
Graeme Watson ,Australia
Willie Watson ,New Zealand
Mark Waugh ,Australia
Steve Waugh ,Australia
Peter Webb ,New Zealand
Dirk Wellham ,Australia
Kepler Wessels ,South Africa
Mithra Wettimuny ,Sri Lanka
Sidath Wettimuny ,Sri Lanka
Davenell Whatmore ,Australia
John Whitaker ,England
David White ,New Zealand
Michael Whitney ,Australia
Pramodya Wickremasinghe ,Sri Lanka
Gamini Wickremasinghe ,Sri Lanka
Julien Wiener ,Australia
Kapila Wijegunawardene ,Sri Lanka
Roger Wijesuriya ,Sri Lanka
Peter Willey ,England
David Williams ,West Indies
Bob Willis ,England
Barry Wood ,England
Graeme Wood ,Australia
Ashley Woodcock ,Australia
Roger Woolley ,Australia
Robert Woolmer ,England
John Wright ,New Zealand
Kevin Wright ,Australia
Nandlal Yadav ,India
Vijay Yadav ,India
Graham Yallop ,Australia
Bruce Yardley ,Australia
Bryan Young ,New Zealand
Waqar Younis ,Pakistan
Saleem Yousuf ,Pakistan
Timothy Zoehrer ,Australia
Zulquarnain ,Pakistan
Ruwan Kalpage ,Sri Lanka
Pubudu Dassanayake ,Sri Lanka
Kumar Dharmasena ,Sri Lanka
Clive Eksteen ,South Africa
Matthew Hart ,New Zealand
Matthew Hayden ,Australia
Stephen Fleming ,New Zealand
Nayan Mongia ,India
Shivnarine Chanderpaul ,West Indies
Stuart Williams ,West Indies
Dulip Samaraweera ,Sri Lanka
Glen Bruk-Jackson ,Zimbabwe
Mark Dekker ,Zimbabwe
Stephen Peall ,Zimbabwe
John Rennie ,Zimbabwe
Heath Streak ,Zimbabwe
Guy Whittall ,Zimbabwe
Steven Rhodes ,England
Craig White ,England
Gavin Larsen ,New Zealand
Heath Davis ,New Zealand
Wayne James ,Zimbabwe
Ashfaq Ahmed ,Pakistan
Darren Gough ,England
John Crawley ,England
Joseph Benjamin ,England
Ravindra Pushpakumara ,Sri Lanka
Sanjeeva Ranatunga ,Sri Lanka
Chaminda Vaas ,Sri Lanka
Kabir Khan ,Pakistan
Michael Bevan ,Australia
Damien Fleming ,Australia
Philip Emery ,Australia
Paul Strang ,Zimbabwe
Darrin Murray ,New Zealand
Cameron Cuffy ,West Indies
Rajindra Dhanraj ,West Indies
Aashish Kapoor ,India
Steven Jack ,South Africa
Phillipus Steyn ,South Africa
Greg Blewett ,Australia
Sherwin Campbell ,West Indies
Stuart Carlisle ,Zimbabwe
Bryan Strang ,Zimbabwe
Iain Butchart ,Zimbabwe
Henry Olonga ,Zimbabwe
Courtney Browne ,West Indies
Kerry Walmsley ,New Zealand
Chamara Dunusinghe ,Sri Lanka
Peter Martin ,England
Dominic Cork ,England
Ottis Gibson ,West Indies
Nicholas Knight ,England
Michael Watkinson ,England
Alan Wells ,England
Saleem Elahi ,Pakistan
Saqlain Mushtaq ,Pakistan
Mohammad Akram ,Pakistan
Ijaz Ahmed ,Pakistan
Craig Wishart ,Zimbabwe
Alan Lock ,Zimbabwe
Lee Germon ,New Zealand
Roger Twose ,New Zealand
Shaun Pollock ,South Africa
Stuart Law ,Australia
Ricky Ponting ,Australia
Craig Spearman ,New Zealand
Jacques Kallis ,South Africa
Paul Adams ,South Africa
Kelaniyage Silva ,Sri Lanka
Nathan Astle ,New Zealand
Robert Kennedy ,New Zealand
Geoffrey Allott ,New Zealand
Robert Samuels ,West Indies
Patterson Thompson ,West Indies
Vikram Rathore ,India
Sunil Joshi ,India
Paras Mhambrey ,India
Venkatesh Prasad ,India
Alan Mullally ,England
Ronald Irani ,England
Sourav Ganguly ,India
Rahul Dravid ,India
Mark Ealham ,England
Shadab Kabir ,Pakistan
Robert Croft ,England
Craig Evans ,Zimbabwe
Andrew Whittall ,Zimbabwe
Brad Hogg ,Australia
Shahid Nazir ,Pakistan
Azam Khan ,Pakistan
Hasan Raza ,Pakistan
Mohammad Hussain ,Pakistan
Everton Matambanadzo ,Zimbabwe
Mpumelelo Mbangwa ,Zimbabwe
Matthew Elliott ,Australia
Michael Kasprowicz ,Australia
Mohammad Wasim ,Pakistan
Zahoor Elahi ,Pakistan
V V S Laxman ,India
Herschelle Gibbs ,South Africa
Lance Klusener ,South Africa
Jason Gillespie ,Australia
Mohammad Zahid ,Pakistan
Andrew Waller ,Zimbabwe
Christopher Silverwood ,England
Adam Bacher ,South Africa
Doddanarasiah Ganesh ,India
Adrian Griffith ,West Indies
Andy Bichel ,Australia
Daniel Vettori ,New Zealand
Matthew Horne ,New Zealand
Franklyn Rose ,West Indies
Roland Holder ,West Indies
Abey Kuruvilla ,India
Nuwan Zoysa ,Sri Lanka
Sajeewa de Silva ,Sri Lanka
Merwyn Dillon ,West Indies
Russel Arnold ,Sri Lanka
Floyd Reifer ,West Indies
Dean Headley ,England
Nilesh Kulkarni ,India
Mahela Jayawardene ,Sri Lanka
Adam Hollioake ,England
Ben Hollioake ,England
Debashish Mohanty ,India
Adam Huckle ,Zimbabwe
Shayne O'Connor ,New Zealand
Gavin Rennie ,Zimbabwe
Azhar Mahmood ,Pakistan
Mark Boucher ,South Africa
Craig McMillan ,New Zealand
Lanka de Silva ,Sri Lanka
Arshad Khan ,Pakistan
Rawl Lewis ,West Indies
Philo Wallace ,West Indies
Shoaib Akhtar ,Pakistan
Murray Goodwin ,Zimbabwe
Stuart MacGill ,Australia
Nixon McLean ,West Indies
Mohammad Yousuf ,Pakistan
Fazl-E-Akbar ,Pakistan
Dinanath Ramnarine ,West Indies
Gavin Robertson ,Australia
Harvinder Singh ,India
Trevor Madondo ,Zimbabwe
Dirk Viljoen ,Zimbabwe
Paul Wilson ,Australia
Makhaya Ntini ,South Africa
Harbhajan Singh ,India
Darren Lehmann ,Australia
Adam Dale ,Australia
Gerhardus Liebenberg ,South Africa
Paul Wiseman ,New Zealand
M Bandarathilake ,Sri Lanka
C Bandara ,Sri Lanka
Ashley Giles ,England
Steven Elworthy ,South Africa
Andrew Flintoff ,England
Suresh Perera ,Sri Lanka
Shahid Afridi ,Pakistan
David Terbrugge ,South Africa
Ridley Jacobs ,West Indies
Alex Tudor ,England
Neil Johnson ,Zimbabwe
Robin Singh ,India
Ajit Agarkar ,India
Darren Ganga ,West Indies
Matthew Bell ,New Zealand
Reon King ,West Indies
Sadagopan Ramesh ,India
Wajahatullah Wasti ,Pakistan
Ashish Nehra ,India
Ruchira Perera ,Sri Lanka
Kalutarage Upashantha ,Sri Lanka
Pedro Collins ,West Indies
Imran Nazir ,Pakistan
Avishka Gunawardene ,Sri Lanka
Upul Chandana ,Sri Lanka
Nehemiah Perry ,West Indies
Corey Collymore ,West Indies
Chris Read ,England
Darren Maddy ,England
Rangana Herath ,Sri Lanka
Devang Gandhi ,India
Mannava Prasad ,India
Vijay Bhardwaj ,India
Trevor Gripper ,Zimbabwe
Boeta Dippenaar ,South Africa
Abdul Razzaq ,Pakistan
Adam Gilchrist ,Australia
Gary Brent ,Zimbabwe
Indika Gallage ,Sri Lanka
Indika De Saram ,Sri Lanka
Tillakaratne Dilshan ,Sri Lanka
Christopher Adams ,England
Gavin Hamilton ,Scotland
Michael Vaughan ,England
Ray Price ,Zimbabwe
Nantie Hayward ,South Africa
Ricardo Powell ,West Indies
Hrishikesh Kanitkar ,India
Brett Lee ,Australia
Matthew Sinclair ,New Zealand
Pieter Strydom ,South Africa
Wasim Jaffer ,India
Murali Kartik ,India
Nico Boje ,South Africa
Younis Khan ,Pakistan
Nikhil Chopra ,India
Mohammad Kaif ,India
Atiq-Uz-Zaman ,Pakistan
Irfan Fazil ,Pakistan
Wavell Hinds ,West Indies
Chris Gayle ,West Indies
Brian Murphy ,Zimbabwe
Daryl Tuffey ,New Zealand
Ramnaresh Sarwan ,West Indies
Mluleki Nkala ,Zimbabwe
Dilhara Fernando ,Sri Lanka
Matthew Hoggard ,England
Prasanna Jayawardene ,Sri Lanka
Kumar Sangakkara ,Sri Lanka
Neil McKenzie ,South Africa
Marcus Trescothick ,England
Mahendra Nagamootoo ,West Indies
David Mutendera ,Zimbabwe
Mark Richardson ,New Zealand
Naimuir Rahman ,Bangladesh
Shahriar Hossain ,Bangladesh
Mehrab Hossain ,Bangladesh
Habibul Bashar ,Bangladesh
Aminul Islam ,Bangladesh
Akram Khan ,Bangladesh
Al Sahariar Rokon ,Bangladesh
Khaled Mashud ,Bangladesh
Mohammad Rafique ,Bangladesh
Hasibul Hussain ,Bangladesh
Shiv Das ,India
Saba Karim ,India
Zaheer Khan ,India
Vijay Dahiya ,India
Chris Martin ,New Zealand
Brooke Walker ,New Zealand
Marlon Black ,West Indies
Sarandeep Singh ,India
Danish Kaneria ,Pakistan
Hamish Marshall ,New Zealand
Marlon Samuels ,West Indies
Colin Stuart ,West Indies
Douglas Marillier ,Zimbabwe
Justin Kemp ,South Africa
Rahul Sanghvi ,India
Imran Farhat ,Pakistan
Faisal Iqbal ,Pakistan
Misbah-ul-Haq ,Pakistan
James Franklin ,New Zealand
Mohammad Sami ,Pakistan
Aamer Hameed ,Pakistan
Aamer Hanif ,Pakistan
Josephat Ababu ,Kenya
Shafiek Abrahams ,South Africa
Ahmed Kamal ,Bangladesh
Akhtar Sarfraz ,Pakistan
Alam Talukdar ,Bangladesh
Rajab Ali ,Kenya
Mark Alleyne ,England
Michael Allingham ,Scotland
Aminul Islam Jnr ,Bangladesh
Joseph Angara ,Kenya
Anisur Rehman ,Bangladesh
Hamish Anthony ,West Indies
Flavian Aponso ,Netherlands
Arshad Laeeq ,United Arab Emirates
Arshad Pervez ,Pakistan
Asif Mahmood ,Pakistan
Asim Butt ,Scotland
Athar Ali Khan ,Bangladesh
Ian Austin ,England
Azhar Hossain ,Bangladesh
Azhar Saeed ,United Arab Emirates
Hemang Badani ,India
Sairaj Bahutule ,India
Mark Bailey ,New Zealand
Paul-Jan Bakker ,Netherlands
Showkat Baksh ,Canada
Atul Bedade ,India
Dale Benkenstein ,South Africa
Amit Bhandari ,India
Bhupinder Singh ,India
Glenn Bishop ,Australia
John Blain ,Scotland
Bruce Blair ,New Zealand
Andy Blignaut ,Zimbabwe
Gopal Bose ,India
Hemantha Boteju ,Sri Lanka
Nathan Bracken ,Australia
James Brinkley ,Scotland
Alistair Brown ,England
Douglas Brown ,Scotland
Robin Brown ,Zimbabwe
Barrington Browne ,West Indies
Henderson Bryan ,West Indies
Rudi Bryson ,South Africa
Carl Bulfin ,New Zealand
David Callaghan ,South Africa
Robert Callender ,Canada
Peter Cantrell ,Netherlands
Vakkadai Chandrasekhar ,India
Christopher Chappell ,Canada
Utpal Chatterjee ,India
Dipak Chudasama ,Kenya
Nolan Clarke ,Netherlands
Peter Coman ,New Zealand
Derek Crookes ,South Africa
Kevin Curran ,Zimbabwe
Noel David ,India
Alec Davies ,Scotland
Sean Davies ,Zimbabwe
Alan Dawson ,South Africa
Timotheus de Leede ,Netherlands
Stanley de Silva ,Sri Lanka
Granville De Silva ,Sri Lanka
Franklym Dennis ,Canada
Pankaj Dharmani ,India
Michael Di Venuto ,Australia
Sameer Dighe ,India
Mark Douglas ,New Zealand
Vasbert Drakes ,West Indies
Christopher Drum ,New Zealand
Kevin Duers ,Zimbabwe
Shaukat Dukanwala ,United Arab Emirates
Nicholas Dyer ,Scotland
Enamul Haque ,Bangladesh
Ebrahim Essop-Adam ,Zimbabwe
Faruk Ahmed ,Bangladesh
Ranjit Fernando ,Sri Lanka
Thewarathantrige Fernando ,Sri Lanka
Nisal Fernando ,Sri Lanka
Matthew Fleming ,England
Duncan Fletcher ,Zimbabwe
Paul Franks ,England
Frasat Ali ,East Africa
Travis Friend ,Zimbabwe
Richard Gabriel ,West Indies
Janak Gamage ,Sri Lanka
Gazi Ashraf ,Bangladesh
Rajinder Ghai ,India
Golam Faruq ,Bangladesh
Gholam Nousher ,Bangladesh
Ghulam Ali ,Pakistan
Ranjan Goonatillake ,Sri Lanka
Eric Gouka ,Netherlands
Ian Gould ,England
Shaun Graf ,Australia
Paul Grayson ,England
Aruna Gunawardene ,Sri Lanka
Sandeep Gupta ,Kenya
Haafiz Shahid ,Pakistan
Brad Haddin ,Australia
Barry Hadlee ,New Zealand
Hafizur Rahman ,Bangladesh
Andrew Hall ,South Africa
Harilal Shah ,East Africa
Ronald Hart ,New Zealand
Harun-Ur-Rashid ,Bangladesh
Ian Harvey ,Australia
Hasan Jamil ,Pakistan
Roydon Hayes ,New Zealand
Robert Haynes ,West Indies
Cornelius Henry ,Canada
Jack Heron ,Zimbabwe
Peter Heyn ,Sri Lanka
Vincent Hogg ,Zimbabwe
Llorne Howell ,New Zealand
Geoffrey Humpage ,England
Imran Abbas ,Pakistan
Imtiaz Abbasi ,United Arab Emirates
Tariq Iqbal ,Kenya
Iqbal Sikander ,Pakistan
Irfan Bhatti ,Pakistan
Jahangir Alam ,Bangladesh
Jahangir Shah ,Bangladesh
Floris Jansen ,Netherlands
Javed Omar ,Bangladesh
Javed Qadeer ,Pakistan
Jawahir Shah ,East Africa
Sunil Jayasinghe ,Sri Lanka
Kerry Jeremy ,West Indies
Trevor Jesty ,England
Sylvester Joseph ,West Indies
James Kamande ,Kenya
Aasif Karim ,Kenya
Shaul Karnain ,Sri Lanka
Simon Katich ,Australia
Khaled Mahmud ,Bangladesh
Surinder Khanna ,India
Gagan Khoda ,India
Amay Khurasiya ,India
Louis Koen ,South Africa
Thirunavukkar Kumaran ,India
Shane Lee ,Australia
Roland Lefebvre ,Netherlands
Graham Lloyd ,England
James Love ,England
Steven Lubbers ,Netherlands
Monte Lynch ,England
Angus Mackay ,Zimbabwe
Kenneth MacLeay ,Australia
Mafizur Rahman ,Bangladesh
Mahbubur Rahman ,Bangladesh
James Maher ,Australia
Mahmood Hamid ,Pakistan
Manjural Islam ,Bangladesh
Mansoor Rana ,Pakistan
Manzoor Akhtar ,Pakistan
Maqsood Rana ,Pakistan
Cecil Marshall ,Canada
Gary Martin ,Zimbabwe
Jacob Martin ,India
Masood Iqbal ,Pakistan
Bryan Mauricette ,Canada
Mazhar Hussain ,United Arab Emirates
Rodney McCurdy ,Australia
Neil McGarrell ,West Indies
Brian McKechnie ,New Zealand
Hamish McLeod ,East Africa
Ervin McSweeney ,New Zealand
Mehmood Quaraishy ,East Africa
Vijay Mehra ,United Arab Emirates
Praful Mehta ,East Africa
Babu Meman ,Zimbabwe
Chaminda Mendis ,Sri Lanka
Jonathan Millmow ,New Zealand
Minhajul Abedin ,Bangladesh
Hitesh Modi ,Kenya
Mohammad Aslam ,United Arab Emirates
Mohammad Ishaq ,United Arab Emirates
Moin-Ul-Atiq ,Pakistan
Morshed Ali Khan ,Bangladesh
Phenyo Mpitsang ,South Africa
Mujahid Jamshed ,Pakistan
Saradindu Mukherjee ,India
Arachchige Munasinghe ,Sri Lanka
Mushfiqur Rahman ,Bangladesh
Ganesh Mylvaganam ,United Arab Emirates
Naeem Ahmed ,Pakistan
Naeem Ashraf ,Pakistan
John Nagenda ,East Africa
Parbhu Nana ,East Africa
Naseer Malik ,Pakistan
Nasir Ahmed ,Bangladesh
Naveed Nawaz ,Sri Lanka
Neeyamur Rashid ,Bangladesh
Christopher Nevin ,New Zealand
Nurul Abedin ,Bangladesh
Peter Ongondo ,Kenya
Thomas Odoyo ,Kenya
Edward Odumbe ,Kenya
Maurice Odumbe ,Kenya
Lamech Onyango ,Kenya
Antony Opatha ,Sri Lanka
Jacob Oram ,New Zealand
Kennedy Otieno ,Kenya
Steven Palframan ,South Africa
Gyanendra Pandey ,India
Jatin Paranjpe ,India
Sudath Pasqual ,Sri Lanka
Ashok Patel ,India
Jitendra Patel ,Canada
Grant Paterson ,Zimbabwe
Bruce Patterson ,Scotland
Gerald Peckover ,Zimbabwe
Andrew Penn ,New Zealand
Gamini Perera ,Sri Lanka
Pervez Mir ,Pakistan
Richard Petrie ,New Zealand
Iain Philip ,Scotland
Mevan Pieris ,Sri Lanka
Riaz Poonawala ,United Arab Emirates
Graeme Porter ,Australia
Nic Pothas ,South Africa
Donald Pringle ,East Africa
Milton Pydanna ,West Indies
Rafiqul Alam ,Bangladesh
Keerhi Ranasinghe ,Sri Lanka
Nishantha Ranatunga ,Sri Lanka
Randhir Singh ,India
Raqibul Hasan ,Bangladesh
Nilantha Ratnayake ,Sri Lanka
Sanjay Raul ,India
Peter Rawson ,Zimbabwe
Richard Reid ,New Zealand
Clive Rice ,South Africa
Michael Rindel ,South Africa
Stuart Roberts ,New Zealand
David Rundle ,South Africa
Saadat Ali ,Pakistan
Saeed Azad ,Pakistan
Saeed-Al-Saffar ,United Arab Emirates
Saiful Islam ,Bangladesh
Sajid Ali ,Pakistan
Sajjad Ahmed ,Bangladesh
Sajjad Akbar ,Pakistan
Saleem Pervez ,Pakistan
Saleem Raza ,United Arab Emirates
George Salmond ,Scotland
Johanne Samarasekera ,United Arab Emirates
Thilan Samaraweera ,Sri Lanka
Samiur Rahman ,Bangladesh
Sanwar Hossain ,Bangladesh
Marcelis Schewe ,Netherlands
Glenroy Sealy ,Canada
Keith Semple ,West Indies
Ramesh Sethi ,East Africa
Shabbir Ahmed ,Pakistan
Shafiuddin Ahmed ,Bangladesh
Ravindu Shah ,Kenya
Shaheedur Rahman ,Bangladesh
Shahid Anwar ,Pakistan
Shakeel Khan ,Pakistan
Shariful Haque ,Bangladesh
Timothy Shaw ,South Africa
Shehzad Altaf ,United Arab Emirates
Mohammad Sheikh ,Kenya
Salahuddin Ahmed ,Bangladesh
Virender Sehwag ,India
Shoaib Malik ,Pakistan
Laxmi Shukla ,India
James Siddons ,Australia
Chamara Silva ,Sri Lanka
Eric Simons ,South Africa
R. P. Singh ,India
Michael Smith ,England
Michael Smith ,Scotland
Neil Smith ,England
Reetinder Sodhi ,India
Sohail Butt ,United Arab Emirates
Sohail Fazal ,Pakistan
Vikram Solanki ,England
Sujith Somasunder ,India
Sridharan Sriram ,India
Ian Stanger ,Scotland
Martin Stead ,Canada
Errol Stewart ,South Africa
Leslie Stott ,New Zealand
Anthony Stuart ,Australia
Scott Styris ,New Zealand
Sudhakar Rao ,India
Anthony Suji ,Kenya
Martin Suji ,Kenya
Sultan Zarawani ,United Arab Emirates
Glen Sulzberger ,New Zealand
Shiraz Sumar ,East Africa
Graeme Swann ,England
Andrew Symonds ,Australia
Alex Tait ,New Zealand
Tanvir Mehdi ,Pakistan
Tariq Javed ,Canada
Roger Telemachus ,South Africa
Anura Tennekoon ,Sri Lanka
David Tikolo ,Kenya
Stephen Tikolo ,Kenya
Michael Tissera ,Sri Lanka
Glenn Trimble ,Australia
Carl Tuckett ,West Indies
Shaun Udal ,England
Aldesh Vadher ,Kenya
Prashant Vaidya ,India
John Valentine ,Canada
Klass-Jan van Noortwijk ,Netherlands
Robert Van Oosterom ,Netherlands
Cornelius Van Zyl ,South Africa
John Vaughan ,Canada
Mark Vermeulen ,Zimbabwe
Lou Vincent ,New Zealand
Dudley Vonhagt ,Sri Lanka
Wahidul Gani ,Bangladesh
Samuel Walusimbi ,East Africa
Wasim Haider ,Pakistan
Richard Webb ,New Zealand
Ajith Weerakkody ,Sri Lanka
Kaushalya Weeraratne ,Sri Lanka
Colin Wells ,England
Vincent Wells ,England
Sunil Wettimuny ,Sri Lanka
Hemantha Wickramaratne ,Sri Lanka
Henry Williams ,South Africa
Laurie Williams ,West Indies
Greig Williamson ,Scotland
Charl Willoughby ,South Africa
Jeffrey Wilson ,New Zealand
Warren Wisneski ,New Zealand
Mandy Yachad ,South Africa
Yasir Arafat ,Pakistan
Bradley Young ,Australia
Yunus Badat ,East Africa
Yuvraj Singh ,India
Zafar Iqbal ,Pakistan
Zahid Ahmed ,Pakistan
Zahid Razzak ,Bangladesh
Zakir Hasan ,Bangladesh
Andris Zesers ,Australia
Bas Zuiderent ,Netherlands
Zulfiqar Ali ,East Africa
Humayun Farhat ,Pakistan
Dinesh Mongia ,India
Mohammed Sharif ,Bangladesh
Dion Ebrahim ,Zimbabwe
Akalanka Ganegarma ,Sri Lanka
Andre Adams ,New Zealand
Mohammad Ashraful ,Bangladesh
Kashif Raza ,Pakistan
Kyle Mills ,New Zealand
Leon Garrick ,West Indies
Justin Ontong ,South Africa
Andre Nel ,South Africa
Ryan Sidebottom ,England
Paul Collingwood ,England
Owais Shah ,England
Tatenda Taibu ,Zimbabwe
Hamilton Masakadza ,Zimbabwe
David Obuya ,Kenya
Collins Obuya ,Kenya
Brijal Patel ,Kenya
Taufeeq Umar ,Pakistan
Michael Vandort ,Sri Lanka
Douglas Hondo ,Zimbabwe
Claude Henderson ,South Africa
James Foster ,England
Robert Kirtley ,England
Jeremy Snape ,England
Deep Dasgupta ,India
Sean Ervine ,Zimbabwe
Charl Langeveldt ,South Africa
Charitha Fernando ,Sri Lanka
Prabath Nissanka ,Sri Lanka
Naved Latif ,Pakistan
Mashrafe Mortaza ,Bangladesh
Shane Bond ,New Zealand
Fahim Muntasir ,Bangladesh
Tushar Imran ,Bangladesh
Sanjay Bangar ,India
Tinu Yohannan ,India
Jermaine Lawson ,West Indies
Ryan Hinds ,West Indies
Darryl Brown ,West Indies
Brad Williams ,Australia
Ryan Campbell ,Australia
Brendon McCullum ,New Zealand
Ajay Ratra ,India
Tareq Aziz ,Bangladesh
Ian Butler ,New Zealand
Runako Morton ,West Indies
Ashwell Prince ,South Africa
Graeme Smith ,South Africa
Nathan Hauritz ,Australia
Shane Watson ,Australia
John Kent ,South Africa
Robert Hart ,New Zealand
Paul Hitchcock ,New Zealand
Daren Powell ,West Indies
Talha Jubair ,Bangladesh
Ehsanul Haque ,Bangladesh
Hannan Sarkar ,Bangladesh
Simon Jones ,England
Chamila Lakshitha ,Sri Lanka
Jehan Mubarak ,Sri Lanka
Alok Kapali ,Bangladesh
Tapash Baisya ,Bangladesh
Hasantha Fernando ,Sri Lanka
Pulasthi Gunaratne ,Sri Lanka
Parthiv Patel ,India
Robert Key ,England
Stephen Harmison ,England
Jacob-Jan Esmeijer ,Netherlands
Victor Grandia ,Netherlands
Adeel Raja ,Netherlands
Edgar Schiferli ,Netherlands
Reiout Scholte ,Netherlands
Daan van Bunge ,Netherlands
Lucas van Troost ,Netherlands
Ian Blackwell ,England
Mazharul Haque ,Bangladesh
Jan Kloppenburg ,Netherlands
Hendrik Mol ,Netherlands
Robin Peterson ,South Africa
Martin van Jaarsveld ,South Africa
Rafiqul Islam ,Bangladesh
Anwar Hossain Monir ,Bangladesh
Jai Yadav ,India
Blessing Mahwire ,Zimbabwe
Kamran Akmal ,Pakistan
Lakshmipathy Balaji ,India
Barney Rogers ,Zimbabwe
Stuart Matsikenyeri ,Zimbabwe
Richard Sims ,Zimbabwe
Waddington Mwayenga ,Zimbabwe
Anwar Hossain ,Bangladesh
Monde Zondeki ,South Africa
Gareth Batty ,England
James Anderson ,England
Michael Clarke ,Australia
Riaan Walters ,Namibia
Stephan Swanepoel ,Namibia
Andries Burger ,Namibia
Daniel Keulder ,Namibia
Bryan Murgatroyd ,Namibia
Morne Karg ,Namibia
Deon Kotze ,Namibia
Louis Burger ,Namibia
Gerrie Synman ,Namibia
Jan Louw ,Namibia
Bjorn Kotze ,Namibia
Ashish Bagai ,Canada
Ian Billcliff ,Canada
Desmond Chumney ,Canada
Austin Codrington ,Canada
John Davison ,Canada
Nicholas De Groot ,Canada
Joseph Harris ,Canada
Davis Joseph ,Canada
Ishwar Maraj ,Canada
Fazil Sattaur ,Canada
Sanjayan Thuraisingam ,Canada
Jeroen Smits ,Netherlands
Nick Statham ,Netherlands
Rudolph van Vuuren ,Namibia
Melt van Schoor ,Namibia
Sarel Burger ,Namibia
Barry Seebaran ,Canada
Nicholas Ifill ,Canada
Burton van Rooi ,Namibia
Ashish Patel ,Canada
Abdool Samad ,Canada
Umar Gul ,Pakistan
Mohammad Hafeez ,Pakistan
Naved-ul-Hasan ,Pakistan
Alfred Luseno ,Kenya
Kaushal Lokuarachchi ,Sri Lanka
Devon Smith ,West Indies
Aavishkar Salvi ,India
Gautam Gambhir ,India
Amit Mishra ,India
Jacques Rudolph ,South Africa
Abhijit Kale ,India
Mohammad Salim ,Bangladesh
David Bernard ,West Indies
Carlton Baugh ,West Indies
Tino Best ,West Indies
Omari Banks ,West Indies
Dharshana Gamage ,Sri Lanka
Yasir Hameed ,Pakistan
Anthony McGrath ,England
Faisal Athar ,Pakistan
Ryan Hurley ,West Indies
Richard Johnson ,England
Jerome Taylor ,West Indies
Rikki Clarke ,England
Jamie Troughton ,England
Fidel Edwards ,West Indies
Thilan Thushara ,Sri Lanka
Kabir Ali ,England
Charles Coventry ,Zimbabwe
Morne van Wyk ,South Africa
Rajin Saleh ,Bangladesh
Salman Butt ,Pakistan
Junaid Zia ,Pakistan
Gavin Ewing ,Zimbabwe
Enamul Haque ,Bangladesh
Vusi Sibanda ,Zimbabwe
Jamaluddin Ahmed ,Bangladesh
Manjural Islam Rana ,Bangladesh
Nafis Iqbal ,Bangladesh
Moniruzzaman ,Bangladesh
Dinusha ,Sri Lanka
Nuwan Kulasekara ,Sri Lanka
Andrew Strauss ,England
Ravi Rampaul ,West Indies
Michael Mason ,New Zealand
Matthew Walker ,New Zealand
Richard Jones ,New Zealand
Craig Cumming ,New Zealand
Alester Maregwede ,Zimbabwe
Tama Canning ,New Zealand
Irfan Pathan ,India
Dwayne Smith ,West Indies
Dave Mohammed ,West Indies
Rohan Gavaskar ,India
Michael Hussey ,Australia
Michael Papps ,New Zealand
Albie Morkel ,South Africa
W Jayantha ,Sri Lanka
Ramesh Powar ,India
Geraint Jones ,England
Dwayne Bravo ,West Indies
Elton Chigumbura ,Zimbabwe
Tinashe Panyangara ,Zimbabwe
Brendan Taylor ,Zimbabwe
Prosper Utseya ,Zimbabwe
Farveez Maharoof ,Sri Lanka
Thilina Kandamby ,Sri Lanka
Tawanda Mupariwa ,Zimbabwe
Ian Bradshaw ,West Indies
Faisal Hossain ,Bangladesh
Edward Rainsford ,Zimbabwe
Gareth Hopkins ,New Zealand
Lasith Malinga ,Sri Lanka
Sajid Mahmood ,England
Abdur Razzak ,Bangladesh
Timothy Smart ,Hong Kong
Manoj Cheruparambil ,Hong Kong
Alexander French ,Hong Kong
Tabarak Dar ,Hong Kong
John Lamsam ,Hong Kong
Rahul Sharma ,Hong Kong
Ilyas Gul ,Hong Kong
Najeeb Amar ,Hong Kong
S Lama ,Hong Kong
Afzaal Haider ,Hong Kong
Khalid Khan ,Hong Kong
Asim Saeed ,United Arab Emirates
Arshad Ali ,United Arab Emirates
Fahad Usman ,United Arab Emirates
Naeemuddin Aslam ,United Arab Emirates
Khurram Khan ,United Arab Emirates
Syed Maqsood ,United Arab Emirates
Asghar Ali ,United Arab Emirates
Mohammad Tauqir ,United Arab Emirates
Abdul Rehman ,United Arab Emirates
Ali Asad ,United Arab Emirates
Rizwan Latif ,United Arab Emirates
Sameer Zia ,United Arab Emirates
Ramveer Rai ,United Arab Emirates
Nasir Hameed ,Hong Kong
Nadeem Ahmed ,Hong Kong
Ian Bell ,England
Jean-Paul Duminy ,South Africa
Alexander Wharf ,England
Dinesh Karthik ,India
Rohan Alexander ,United States
Mark Johnson ,United States
Leon Romero ,United States
Steve Massiah ,United States
Richard Staple ,United States
Jignesh Desai ,United States
Aijaz Ali ,United States
Rashid Zia ,United States
Charles Reid ,United States
Howard Johnson ,United States
Maurice Ouma ,Kenya
Rageg Aga ,Kenya
Aftab Ahmed ,Bangladesh
Nazmul Hossain ,Bangladesh
Donovan Blake ,United States
Nasir Javed ,United States
Darren Sammy ,West Indies
Malhar Patel ,Kenya
Bazid Khan ,Pakistan
Iftikhar Anjum ,Pakistan
Peter Fulton ,New Zealand
Hashim Amla ,South Africa
Chris Mpofu ,Zimbabwe
Kevin Pietersen ,England
Matthew Prior ,England
Mohammad Khalil ,Pakistan
A B de Villiers ,South Africa
Dale Steyn ,South Africa
M S Dhoni ,India
Joginder Sharma ,India
Mohammad Asif ,Pakistan
Graeme Cremer ,Zimbabwe
Xavier Marshall ,United States
Sean Williams ,Zimbabwe
James Marshall ,New Zealand
Lance Hamilton ,New Zealand
James Hopes ,Australia
Iain O'Brien ,New Zealand
Narsingh Deonarine ,West Indies
Mushfiqur Rahim ,Bangladesh
Shahadat Hossain ,Bangladesh
Johnathan Lewis ,England
Christopher Tremlett ,England
Shahriar Nafees ,Bangladesh
Denesh Ramdin ,West Indies
Ryan Ramdass ,West Indies
Suresh Raina ,India
Yalaka Venugopal Rao ,India
Loku Dilhara ,Sri Lanka
Deighton Butler ,West Indies
Upul Tharanga ,Sri Lanka
Pradeep Jayaprakashdaran ,Sri Lanka
Keith Dabengwa ,Zimbabwe
Anthony Ireland ,Zimbabwe
Shaun Tait ,Australia
Justice Chibhabha ,Zimbabwe
Jeetan Patel ,New Zealand
Syed Rasel ,Bangladesh
Terry Duffin ,Zimbabwe
Cameron White ,Australia
Stuart Clark ,Australia
Sreesanth ,India
Andrew Puttick ,South Africa
Johan Botha ,South Africa
Bradley Hodge ,Australia
Liam Plunkett ,England
R P Singh ,India
Michael Lewis ,Australia
Mitchell Johnson ,Australia
Philip Jaques ,Australia
Jamie How ,New Zealand
Garnett Kruger ,South Africa
Brett Dorey ,Australia
Johannes van der Wath ,South Africa
Chamara Kapugedera ,Sri Lanka
Dhammika Prasad ,Sri Lanka
Keegan Meth ,Zimbabwe
Piet Rinke ,Zimbabwe
Gregory Strydom ,Zimbabwe
Tanmay Mishra ,Kenya
Nehemiah Odhiambo ,Kenya
Ryan Higgins ,Zimbabwe
Ross Taylor ,New Zealand
Alastair Cook ,England
Monty Panesar ,England
Piyush Chawla ,India
Munaf Patel ,India
Kalpesh Patel ,Kenya
Vikram Singh ,India
Robin Uthappa ,India
Daniel Cullen ,Australia
Mark Cosgrove ,Australia
Sewnarine Chattergoon ,West Indies
Geoffrey Barnett ,Canada
Umar Bhatti ,Canada
Sunil Dhaniram ,Canada
Haninder Dhillon ,Canada
Stewart Heaney ,Canada
Henry Osinde ,Canada
Kevin Sandher ,Canada
Lionel Cann ,Bermuda
Hasan Durham ,Bermuda
Dwayne Leverock ,Bermuda
Dean Minors ,Bermuda
Daniel Morgan ,Bermuda
Saleem Mukuddem ,Bermuda
George O'Brien ,Bermuda
Azeem Pitcher ,Bermuda
Irvine Romaine ,Bermuda
Janeiro Tucker ,Bermuda
Kwame Tucker ,Bermuda
George Codrington ,Canada
Donovan Maxwell ,Canada
Treadwell Gibbons ,Bermuda
Kevin Hurdle ,Bermuda
Ryan Steede ,Bermuda
Andre Botha ,Ireland
Jeremy Bray ,Ireland
Peter Gillespie ,Ireland
Trent Johnston ,Ireland
Dominick Joyce ,Ireland
Dave Langford-Smith ,Ireland
William McCallan ,Ireland
John Mooney ,Ireland
Paul Mooney ,Ireland
Kevin O'Brien ,Ireland
Andrew White ,Ireland
Ed Joyce ,England
Glen Chapple ,England
James Dalrymple ,England
Timothy Bresnan ,England
Alexander Loudon ,England
Neil MacRae ,Scotland
Ryan Watson ,Scotland
Colin Smith ,Scotland
Neil McCallum ,Scotland
Dewal Nel ,Scotland
Paul Hoffmann ,Scotland
Ross Lyons ,Scotland
Douglas Lockhart ,Scotland
Darren Reekers ,Netherlands
Ryan ten Doeschate ,Netherlands
Alexei Kervezee ,Netherlands
Peter Borren ,Netherlands
William Stelling ,Netherlands
Mohammad Kashif ,Netherlands
Peter Seelaar ,Netherlands
Eric Szwarczynski ,Netherlands
Farhad Reza ,Bangladesh
Tafadzwa Mufambisi ,Zimbabwe
Eoin Morgan ,England
Niall O'Brien ,Ireland
William Porterfield ,Ireland
Navdeep Poonia ,Scotland
Omer Hussain ,Scotland
Craig Wright ,Scotland
Hiren Varaiya ,Kenya
Qaiser Ali ,Canada
Tom de Grooth ,Netherlands
Fraser Watts ,Scotland
Shakib Al Hasan ,Bangladesh
Steven Outerbridge ,Bermuda
Delyone Borden ,Bermuda
Clay Smith ,Bermuda
Sandeep Jyoti ,Canada
Surendra Seeraj ,Canada
Durand Soraine ,Canada
Steven Welsh ,Canada
Stuart Broad ,England
Michael Yardy ,England
Loots Bosman ,South Africa
Alviro Petersen ,South Africa
Tafadzwa Kamungozi ,Zimbabwe
Mehrab Hossain ,Bangladesh
Malachi Jones ,Bermuda
David Hemp ,Bermuda
Stefan Kelly ,Bermuda
Ashif Mulla ,Canada
Mark Jonkman ,Netherlands
Maurits van Nierop ,Netherlands
Abdur Rehman ,Pakistan
Lendl Simmons ,West Indies
Tinotenda Mawoyo ,Zimbabwe
Glenn Rogers ,Scotland
Rana Haq ,Scotland
Morne Morkel ,South Africa
Mark Gillespie ,New Zealand
Paul Harris ,South Africa
Paul Nixon ,England
Ben Hilfenhaus ,Australia
Malachy Loye ,England
Rayad Emrit ,West Indies
Kenneth Carroll ,Ireland
Boyd Rankin ,Ireland
Ravinda Bopara ,England
Tamim Iqbal ,Bangladesh
Friday Kasteni ,Zimbabwe
Adam Voges ,Australia
Oliver Pitcher ,Bermuda
Kieron Pollard ,West Indies
Ishara Amerasinghe ,Sri Lanka
Malinda Warnapura ,Sri Lanka
Fawad Alam ,Pakistan
Najaf Shah ,Pakistan
Ishant Sharma ,India
Marthinus Fourie ,Ireland
Roger Whelan ,Ireland
Gary Wilson ,Ireland
Rohit Sharma ,India
Alex Cusack ,Ireland
Vernon Philander ,South Africa
Thandi Tshabalala ,South Africa
Dimitri Mascarenhas ,England
Trevin Bastiampillai ,Canada
Mohsin Mulla ,Canada
Shahzad Khan ,Canada
Mudassar Bukhari ,Netherlands
Atse Buurman ,Netherlands
Gary Kidd ,Ireland
Geert-Maarten Mol ,Netherlands
Gordon Drummond ,Scotland
Austin Richards ,West Indies
Mahmudullah ,Bangladesh
Dwight Basden ,Bermuda
James Celestine ,Bermuda
Jekon Edness ,Bermuda
Jacobi Robinson ,Bermuda
Mangesh Panchel ,Netherlands
Christopher Lonsdale ,Bermuda
Maurits Jonkman ,Netherlands
Arthur Pitcher ,Bermuda
Gulam Bodi ,South Africa
Timycen Maruma ,Zimbabwe
Luke Wright ,England
Philip Mustard ,England
Dilruwan Perera ,Sri Lanka
Sohail Tanvir ,Pakistan
Abdul Jabbar ,Canada
Mohammad Iqbal ,Canada
Arvindah Kandappah ,Canada
Aftabodeen Shamsuden ,Canada
Jason Patraj ,Canada
Calvert Hooper ,Canada
Alex Obanda ,Kenya
Elijah Otieno ,Kenya
Rodney Trott ,Bermuda
Kyle Hodsoll ,Bermuda
Sarfraz Ahmed ,Pakistan
Praveen Kumar ,India
Brenton Parchment ,West Indies
Chanaka Welegedara ,Sri Lanka
Junaid Siddique ,Bangladesh
Samiullah Khan ,Pakistan
Nasir Jamshed ,Pakistan
Kamran Hussain ,Pakistan
Patrick Browne ,West Indies
Khalid Latif ,Pakistan
Sohail Khan ,Pakistan
Abdur Rauf ,Pakistan
Khurram Manzoor ,Pakistan
Rizwan Ahmed ,Pakistan
Wahab Riaz ,Pakistan
Manoj Tiwary ,India
Ashley Noffke ,Australia
Jesse Ryder ,New Zealand
Daniel Flynn ,New Zealand
Timothy Ambrose ,England
Dhiman Ghosh ,Bangladesh
Mosharraf Hossain ,Bangladesh
Raqibul Hasan ,Bangladesh
Nazimuddin ,Bangladesh
Reinhardt Strydom ,Ireland
Greg Thompson ,Ireland
Grant Elliott ,New Zealand
Tim Southee ,New Zealand
Sulieman Benn ,West Indies
Mahela Udawatte ,Sri Lanka
Ajantha Mendis ,Sri Lanka
Naumanullah ,Pakistan
Aaron Redmond ,New Zealand
Dolar Mahmud ,Bangladesh
Yusuf Pathan ,India
Fahad Alhashmi ,United Arab Emirates
Amjad Ali ,United Arab Emirates
Amjad Javed ,United Arab Emirates
Indika Batuwitarachchi ,United Arab Emirates
Saqib Ali ,United Arab Emirates
Vikrant Shetty ,United Arab Emirates
Shadeep Silva ,United Arab Emirates
Zahid Shah ,United Arab Emirates
James Atkinson ,Hong Kong
Shaun Marsh ,Australia
Andre Fletcher ,West Indies
Husain Butt ,Hong Kong
Irfan Ahmed ,Hong Kong
Courtney Kruger ,Hong Kong
Munir Dar ,Hong Kong
Skhawit Ali ,Hong Kong
Zain Abbas ,Hong Kong
Manpreet Gony ,India
Alawi Shukri ,United Arab Emirates
Aman Ali ,United Arab Emirates
Nizel Fernandes ,United Arab Emirates
Luke Ronchi ,New Zealand
Pragyan Ojha ,India
Oronde Bascombe ,Bermuda
Christopher Foggo ,Bermuda
Tamauri Tucker ,Bermuda
Harvir Baidwan ,Canada
Zubin Surkari ,Canada
Mansoor Amjad ,Pakistan
Sami Faridi ,Canada
Peter Connell ,Ireland
Philip Eaglestone ,Ireland
Ryan Haire ,Ireland
Andrew Poynter ,Ireland
Paul Stirling ,Ireland
Delano Hollis ,Bermuda
Mclaren Smith ,Bermuda
Ruvindu Gunasekera ,Canada
Eion Katchay ,Canada
Saeed Ajmal ,Pakistan
Richard Berrington ,Scotland
Gordon Goudie ,Scotland
Qasim Sheikh ,Scotland
David Hussey ,Australia
Shawn Findlay ,West Indies
Nikita Miller ,West Indies
Lesley Stokkers ,Netherlands
Virat Kohli ,India
Chris Douglas ,Bermuda
Manoj David ,Canada
Karun Jethi ,Canada
Rizwan Cheema ,Canada
Samit Patel ,England
Calum Macleod ,Scotland
Kyle Coetzer ,Scotland
Subramaniam Badrinath ,India
Leon Johnson ,West Indies
Brendan Nash ,West Indies
Kemar Roach ,West Indies
Rakeep Patel ,Kenya
Dorakanti Balaji Rao ,Canada
Regan West ,Ireland
Brett Geeves ,Australia
Naeem Islam ,Bangladesh
Imrul Kayes ,Bangladesh
Peter Siddle ,Australia
Cephas Zhuwawo ,Zimbabwe
Rajesh Bhudia ,Kenya
Seren Waters ,Kenya
Regis Chakabva ,Zimbabwe
Mahbubul Alam ,Bangladesh
Johann Louw ,South Africa
Jason Krejza ,Australia
Murali Vijay ,India
Lionel Baker ,West Indies
Angelo Mathews ,Sri Lanka
Doug Bollinger ,Australia
Martin Guptill ,New Zealand
Neil Broom ,New Zealand
Rubel Hossain ,Bangladesh
Vaughn van Jaarsveld ,South Africa
David Warner ,Australia
Ryan Harris ,Australia
Forster Mutizwa ,Zimbabwe
Malcolm Waller ,Zimbabwe
Lonwabo Tsotsobe ,South Africa
Wayne Parnell ,South Africa
Callum Ferguson ,Australia
Ravindra Jadeja ,India
Brendon Diamanti ,New Zealand
Phillip Hughes ,Australia
Marcus North ,Australia
Mohammad Talha ,Pakistan
Peter McGlashan ,New Zealand
Ewen Thompson ,New Zealand
Moneeb Iqbal ,Scotland
Jan Stander ,Scotland
Ben Laughlin ,Australia
Roelof van der Merwe ,South Africa
Fiqre Crockwell ,Bermuda
Glenn Blakeney ,Bermuda
Khurram Chohan ,Canada
Shane Harwood ,Australia
Noor Ali Zadran ,Afghanistan
Karim Sadiq ,Afghanistan
Mohammad Nabi ,Afghanistan
Nawroz Mangal ,Afghanistan
Asghar Afghan ,Afghanistan
Raees Ahmadzai ,Afghanistan
Samiullah Shinwari ,Afghanistan
Hasti Gul ,Afghanistan
Khaliq Dad ,Afghanistan
Hamid Hassan ,Afghanistan
Dawlat Ahmadzai ,Afghanistan
Ruud Nijman ,Netherlands
Ahmed Shehzad ,Pakistan
Graham Onions ,England
Steven Davies ,England
Moises Henriques ,Australia
Rory Kleinveldt ,South Africa
Gregor Maiden ,Scotland
Nathan McCullum ,New Zealand
Jonathan Trott ,England
Anwar Ali ,Pakistan
Adil Rashid ,England
Dirk Nannes ,Australia
Mohammad Amir ,Pakistan
Isuru Udana ,Sri Lanka
Zulqarnain Haider ,Pakistan
Shahzaib Hasan ,Pakistan
Darren Bravo ,West Indies
Abhishek Nayar ,India
Shaheed Keshvani ,Canada
Stuart Chalmers ,Scotland
Alasdair Evans ,Scotland
Mark Petrie ,Scotland
Travis Dowlin ,West Indies
Dale Richards ,West Indies
Chadwick Walton ,West Indies
Zameer Zahir ,Canada
Andrew Britton ,Ireland
Nelon Pascal ,West Indies
Gavin Tonge ,West Indies
Devon Thomas ,West Indies
Graham Manou ,Australia
Kieran Powell ,West Indies
Umar Akmal ,Pakistan
Hiral Patel ,Canada
Jawad Dawood ,Canada
Joe Denly ,England
Tim Paine ,Australia
Ahmed Shah ,Afghanistan
Mirwais Ashraf ,Afghanistan
Mohammad Shahzad ,Afghanistan
Shapoor Zadran ,Afghanistan
Shafiqullah ,Afghanistan
Royston Crandon ,West Indies
Kyle Jarvis ,Zimbabwe
Trevor Garwe ,Zimbabwe
Clinton McKay ,Australia
Ryan McLaren ,South Africa
B J Watling ,New Zealand
Adrian Barath ,West Indies
Ashok Dinda ,India
Muthumudalige Pushpakumara ,Sri Lanka
Sudeep Tyagi ,India
Suranga Lakmal ,Sri Lanka
Suraj Randiv ,Sri Lanka
Thisara Perera ,Sri Lanka
Shafiul Islam ,Bangladesh
Lahiru Thirimanne ,Sri Lanka
Shem Ngoche ,Kenya
George Dockrell ,Ireland
Usman Limbada ,Canada
Peter Ingram ,New Zealand
Nelson Odhiambo ,Kenya
Steven Smith ,Australia
Andrew McKay ,New Zealand
Wriddhiman Saha ,India
Timothy Gruitjers ,Netherlands
Aftab Alam ,Afghanistan
Shabir Noori ,Afghanistan
Nitish Kumar ,Canada
Ajmal Shahzad ,England
Daniel Christian ,Australia
Abhimanyu Mithun ,India
Craig Kieswetter ,England
Shingirai Masakadza ,Zimbabwe
Gregory Lamb ,Zimbabwe
Suhrawadi Shuvo ,Bangladesh
James Tredwell ,England
Shanan Stewart ,New Zealand
Michael Carberry ,England
Steven Finn ,England
Jahurul Islam ,Bangladesh
Parth Desai ,Canada
Dinesh Chandimal ,Sri Lanka
Craig Ervine ,Zimbabwe
Michael Lumb ,England
Vinay Kumar ,India
David Miller ,South Africa
Robert Nicol ,New Zealand
Robiul Islam ,Bangladesh
Umesh Yadav ,India
Jeevan Mendis ,Sri Lanka
Ravichandran Ashwin ,India
Naman Ojha ,India
Pankaj Singh ,India
Tendai Chatara ,Zimbabwe
Umar Amin ,Pakistan
Tom Cooper ,Netherlands
Joshua Davey ,Scotland
Matthew Parker ,Scotland
Preston Mommsen ,Scotland
Asad Shafiq ,Pakistan
Josh Hazlewood ,Australia
Jimmy Hansra ,Canada
James Hall ,Ireland
Nigel Jones ,Ireland
Rory McCann ,Ireland
James Ngoche ,Kenya
Francis Otieno ,Kenya
Wesley Barresi ,Netherlands
Oli Hairs ,Scotland
Andy Balbirnie ,Ireland
Bradley Kruger ,Netherlands
Dominic Wesonga ,Kenya
Javed Ahmadi ,Afghanistan
Albert van der Merwe ,Ireland
Bernard Loots ,Netherlands
Azhar Ali ,Pakistan
Kane Williamson ,New Zealand
Thomas Heggelman ,Netherlands
Noor-ul-Haq ,Afghanistan
Ryan Flannigan ,Scotland
Mohammad Irfan ,Pakistan
Ian Nicolson ,Zimbabwe
Colin Ingram ,South Africa
Rusty Theron ,South Africa
Cheteshwar Pujara ,India
Abdullah Mazari ,Afghanistan
Izatullah Dawlatzai ,Afghanistan
Hamish Bennett ,New Zealand
Mitchell Starc ,Australia
John Hastings ,Australia
Shikhar Dhawan ,India
Saurabh Tiwary ,India
Xavier Doherty ,Australia
Adnan Akmal ,Pakistan
Andre Russell ,West Indies
Tanvir Ahmed ,Pakistan
Jaydev Unadkat ,India
Adam Milne ,New Zealand
Dean Brownlie ,New Zealand
Luke Woodcock ,New Zealand
Usman Khawaja ,Australia
Aaron Finch ,Australia
Chris Woakes ,England
Faf du Plessis ,South Africa
Tyson Gordon ,Canada
Berend Westdijk ,Netherlands
Imran Tahir ,South Africa
Karl Whatham ,Canada
Devendra Bishoo ,West Indies
Kirk Edwards ,West Indies
James Pattinson ,Australia
Junaid Khan ,Pakistan
Mohammad Salman ,Pakistan
Danza Hyatt ,West Indies
Ashley Nurse ,West Indies
Hammad Azam ,Pakistan
Anthony Martin ,West Indies
Usman Salahuddin ,Pakistan
Kraigg Brathwaite ,West Indies
Jade Dernbach ,England
Neil Kruger ,Netherlands
Michael Swart ,Netherlands
Safyaan Sharif ,Scotland
Ahsan Malik ,Netherlands
Vinoo Tewarie ,Netherlands
Dimuth Karunaratne ,Sri Lanka
Brian Vitori ,Zimbabwe
Hamza Tariq ,Canada
Junaid Siddiqui ,Canada
Dawlat Zadran ,Afghanistan
Rustam Bhatti ,Canada
Gulbadin Naib ,Afghanistan
Nasir Hossain ,Bangladesh
Shuvagata Hom ,Bangladesh
Shaminda Eranga ,Sri Lanka
Seekkuge Prasanna ,Sri Lanka
Scott Borthwick ,England
Ben Stokes ,England
James Taylor ,England
Nathan Lyon ,Australia
Alexander Hales ,England
Jos Butler ,England
Ajinkya Rahane ,India
Aizaz Cheema ,Pakistan
Duncan Allan ,Kenya
Runish Gudhka ,Kenya
Irfan Karim ,Kenya
Lucas Oluoch ,Kenya
Stephan Myburgh ,Netherlands
Emmanuel Ringera ,Kenya
Wilfred Diepeveen ,Netherlands
Yasir Shah ,Pakistan
Jonny Bairstow ,England
Zahid Hussain ,Canada
Johnson Charles ,West Indies
Carlos Brathwaite ,West Indies
Patrick Cummins ,Australia
Matthew Wade ,Australia
Douglas Bracewell ,New Zealand
Mitchell Marsh ,Australia
Graeme Aldridge ,New Zealand
Nuwan Pradeep ,Sri Lanka
Elias Sunny ,Bangladesh
Varun Aaron ,India
Stuart Meaker ,England
Natsai Mushangwe ,Zimbabwe
Njabulo Ncube ,Zimbabwe
Kosala Kulasekara ,Sri Lanka
Sunil Narine ,West Indies
Rahul Sharma ,India
Trent Boult ,New Zealand
Jason Mohammed ,West Indies
Marchant de Lange ,South Africa
Sachithra Senanayake ,Sri Lanka
George Bailey ,Australia
James Faulkner ,Australia
Andrew Ellis ,New Zealand
Tom Latham ,New Zealand
Tarun Nethula ,New Zealand
Michael Bates ,New Zealand
Amir Hamza ,Afghanistan
Colin de Grandhomme ,New Zealand
Peter Forrest ,Australia
Danny Briggs ,England
Max Sorensen ,Ireland
Timm van der Gugten ,Netherlands
Raza-ur-Rehman ,Canada
Craig Wallace ,Scotland
Zakiullah Zaki ,Afghanistan
Farhaan Behardien ,South Africa
Shannon Gabriel ,West Indies
Rahat Ali ,Pakistan
Sajeewa Weerakoon ,Sri Lanka
Tim Murtagh ,Ireland
Najibullah Zadran ,Afghanistan
Damodar Daesrath ,Canada
Jeremy Gordon ,Canada
Darren Ramsammy ,Canada
Zeeshan Siddiqi ,Canada
Abul Hasan ,Bangladesh
Ziaur Rahman ,Bangladesh
Dean Elgar ,South Africa
Glenn Maxwell ,Australia
Raza Hasan ,Pakistan
Dilshan Munaweera ,Sri Lanka
Akila Dananjaya ,Sri Lanka
Sohag Gazi ,Bangladesh
Veerasammy Permaul ,West Indies
Todd Astle ,New Zealand
Anamul Haque ,Bangladesh
Mominul Haque ,Bangladesh
Joe Root ,England
Corey Anderson ,New Zealand
Mitchell McClenaghan ,New Zealand
Colin Munro ,New Zealand
James Neesham ,New Zealand
Henry Davids ,South Africa
Quinton de Kock ,South Africa
Chris Morris ,South Africa
Aaron Phangiso ,South Africa
Bhuvneshwar Kumar ,India
Mohammed Shami ,India
Kusal Perera ,Sri Lanka
Ben Cutting ,Australia
Kane Richardson ,Australia
Jason Holder ,West Indies
Hamish Rutherford ,New Zealand
Nathan Coulter-Nile ,Australia
Kyle Abbott ,South Africa
Ehsan Adil ,Pakistan
Tinotenda Mutombodzi ,Zimbabwe
Neil Carter ,Scotland
Matthew Machan ,Scotland
David Murphy ,Scotland
Iain Wardlaw ,Scotland
Rahmat Shah ,Afghanistan
Mohibullah Paak ,Afghanistan
Kithuruwan Vithanage ,Sri Lanka
Robert Taylor ,Scotland
Nikhil Dutta ,Canada
Rayyankhan Pathan ,Canada
Angelo Perera ,Sri Lanka
Shamsur Rahman ,Bangladesh
Richmond Mutumbami ,Zimbabwe
Michael Rippon ,Netherlands
Paul van Meekeren ,Netherlands
Sikandar Raza ,Zimbabwe
Vijay Shankar ,India
Mohit Sharma ,India
Kedar Jadhav ,India
Siddarth Kaul ,India
Jasprit Bumrah ,India
Yuzvendra Chahal ,India
Rishi Dhawan ,India
Dhawal Kulkarni ,India
Ambati Rayudu ,India
Manish Pandey ,India
Stuart Binny ,India
Chris Lynn ,Australia
Karn Sharma ,India
Karun Nair ,India
KL Rahul ,India
Faiz Fazal ,India
Michael Neser ,Australia
Gurkeerat Singh Mann ,India
Asad Ali ,Pakistan
James Shannon ,Ireland
Freddie Coleman ,Scotland
Matthew Cross ,Scotland
Michael Leask ,Scotland
Ashton Agar ,Australia
Haris Sohail ,Pakistan
Zulfiqar Babar ,Pakistan
Michael Chinouya ,Zimbabwe
David Wiese ,South Africa
Sohaib Maqsood ,Pakistan
Benjamin Cooper ,Netherlands
Kenneth Kamyuka ,Canada
Fawad Ahmed ,Australia
Gary Ballance ,England
Hamish Gardiner ,Scotland
Edward Richardson ,Ireland
Stuart Thompson ,Ireland
Chris Jordan ,England
Hashmatullah Shahidi ,Afghanistan
Dhiren Gondaria ,Kenya
Gurdeep Singh ,Kenya
Ish Sodhi ,New Zealand
Afsar Zazai ,Afghanistan
Shan Masood ,Pakistan
Al-Amin Hossain ,Bangladesh
Anton Devcich ,New Zealand
Sheldon Cottrell ,West Indies
Bilawal Bhatti ,Pakistan
Sharjeel Khan ,Pakistan
Usman Shinwari ,Pakistan
Ashan Priyanjan ,Sri Lanka
Vivian Kingma ,Netherlands
Matthew Henry ,New Zealand
Ahmed Raza ,United Arab Emirates
Manjula Guruge ,United Arab Emirates
Kamran Shahzad ,United Arab Emirates
Swapnil Patil ,United Arab Emirates
Rohan Mustafa ,United Arab Emirates
Salman Faris ,United Arab Emirates
Shaiman Anwar ,United Arab Emirates
Mohammad Mithun ,Bangladesh
Arafat Sunny ,Bangladesh
Sabbir Rahman ,Bangladesh
Miguel Cummins ,West Indies
Chaturanga de Silva ,Sri Lanka
Moeen Ali ,England
Stephen Parry ,England
Beuran Hendricks ,South Africa
Najeeb Tarakai ,Afghanistan
Aizaz Khan ,Hong Kong
Babar Hayat ,Hong Kong
Mark Chapman ,New Zealand
Haseeb Amjad ,Hong Kong
Nizakat Khan ,Hong Kong
Tanwir Afzal ,Hong Kong
Waqas Barkat ,Hong Kong
Binod Bhandari ,Nepal
Shakti Gauchan ,Nepal
Subash Khakurel ,Nepal
Gyanendra Malla ,Nepal
Basant Regmi ,Nepal
Sagar Pun ,Nepal
Sompal Kami ,Nepal
Sharad Vesawkar ,Nepal
Paras Khadka ,Nepal
Andy McBrine ,Ireland
Ehsan Nawaz ,Hong Kong
Taskin Ahmed ,Bangladesh
Usman Ghani ,Afghanistan
Ankur Sharma ,Hong Kong
Fayyaz Ahmed ,United Arab Emirates
Krishna Chandran ,United Arab Emirates
Mohammad Naveed ,United Arab Emirates
Mohammad Shahzad ,United Arab Emirates
Harry Gurney ,England
Axar Patel ,India
Parvez Rasool ,India
Jermaine Blackwood ,West Indies
Sharafuddin Ashraf ,Afghanistan
Donald Tiripano ,Zimbabwe
Nasir Jamal ,Afghanistan
Niroshan Dickwella ,Sri Lanka
John Nyumbu ,Zimbabwe
Luke Jongwe ,Zimbabwe
Neville Madziva ,Zimbabwe
Rilee Rossouw ,South Africa
Mthokozisi Shezi ,South Africa
Taijul Islam ,Bangladesh
Jason Roy ,England
Stuart Poynter ,Ireland
John Anderson ,Ireland
Craig Young ,Ireland
Graeme McCarter ,Ireland
Sean Abbott ,Australia
Saad Nasim ,Pakistan
Jubair Hossain ,Bangladesh
Lahiru Gamage ,Sri Lanka
Brian Chari ,Zimbabwe
Kagiso Rabada ,South Africa
Reeza Hendricks ,South Africa
Assad Vala ,Papua New Guinea
Tony Ura ,Papua New Guinea
Lega Siaka ,Papua New Guinea
Vani Morea ,Papua New Guinea
Mahuru Dai ,Papua New Guinea
Charles Amini ,Papua New Guinea
Jack Vare ,Papua New Guinea
Willie Gavera ,Papua New Guinea
Pipi Raho ,Papua New Guinea
Christopher Amini ,Papua New Guinea
Anshuman Rath ,Hong Kong
Kinchit Shah ,Hong Kong
Norman Vanua ,Papua New Guinea
Solomon Mire ,Zimbabwe
Waqas Khan ,Hong Kong
Peter Moor ,Zimbabwe
Andri Berenger ,United Arab Emirates
Salman Farooq ,United Arab Emirates
Soumya Sarkar ,Bangladesh
Fareed Ahmad ,Afghanistan
Nasir Aziz ,United Arab Emirates
Saqlain Haider ,United Arab Emirates
Tharindu Kaushal ,Sri Lanka
Joseph Burns ,Australia
Temba Bavuma ,South Africa
Jonathan Carter ,West Indies
Gurinder Sandhu ,Australia
Peter Chase ,Ireland
Dushmantha Chameera ,Sri Lanka
Andrew Tye ,Australia
Travis Head ,Australia
Shreyas Iyer ,India
Marcus Stoinis ,Australia
Jayant Yadav ,India
Shardul Thakur ,India
Hardik Pandya ,India
Mohammad Rizwan ,Pakistan
Sami Aslam ,Pakistan
Mustafizur Rahman ,Bangladesh
Shai Hope ,West Indies
Zafar Ansari ,England
James Vince ,England
David Willey ,England
Mark Wood ,England
Imad Wasim ,Pakistan
Babar Azam ,Pakistan
Roy Kaia ,Zimbabwe
Shane Dowrich ,West Indies
Sam Billings ,England
Mitchell Santner ,New Zealand
Liton Das ,Bangladesh
Ben Wheeler ,New Zealand
George Munsey ,Scotland
Mark Watt ,Scotland
Con de Lange ,Scotland
Andrew Mathieson ,New Zealand
Karan KC ,Nepal
Abdul Shakoor ,United Arab Emirates
Irfan Sajid ,United Arab Emirates
Umair Ali ,United Arab Emirates
Milinda Siriwardana ,Sri Lanka
Sachith Pathirana ,Sri Lanka
John Reva ,Papua New Guinea
Taurai Muzarabani ,Zimbabwe
Chad Soper ,Papua New Guinea
Zeeshan Maqsood ,Oman
Khawar Ali ,Oman
Jatinder Singh ,Oman
Mohammad Nadeem ,Oman
Dhananjaya de Silva ,Sri Lanka
Jeffrey Vandersay ,Sri Lanka
Shehan Jayasuriya ,Sri Lanka
Dasun Shanaka ,Sri Lanka
George Worker ,New Zealand
Reece Topley ,England
Aamer Yamin ,Pakistan
Bilal Asif ,Pakistan
Wellington Masakadza ,Zimbabwe
Tendai Chisoro ,Zimbabwe
Rashid Khan ,Afghanistan
Kusal Mendis ,Sri Lanka
Danushka Gunathilaka ,Sri Lanka
Iftikhar Ahmed ,Pakistan
Christopher Carter ,Hong Kong
Asif Iqbal ,United Arab Emirates
Yodhin Punja ,United Arab Emirates
Laxman Sreekumar ,United Arab Emirates
Zaheer Maqsood ,United Arab Emirates
Zafar Gohar ,Pakistan
Qadeer Ahmed ,United Arab Emirates
Usman Mushtaq ,United Arab Emirates
Bilal Khan ,Oman
Aqib Ilyas ,Oman
Rokhan Barakzai ,Afghanistan
Sayed Shirzad ,Afghanistan
Yamin Ahmadzai ,Afghanistan
Henry Nicholls ,New Zealand
Joel Paris ,Australia
Scott Boland ,Australia
Barinder Sran ,India
Nurul Hasan ,Bangladesh
Abu Hider ,Bangladesh
Mosaddeck Hossain ,Bangladesh
Ishtiaq Muhammad ,Hong Kong
Brad Wheal ,Scotland
Muhammad Usman ,United Arab Emirates
Adam Zampa ,Australia
Sese Bau ,Papua New Guinea
Hiri Hiri ,Papua New Guinea
Nosaina Pokana ,Papua New Guinea
Kasun Rajitha ,Sri Lanka
Asela Gunaratne ,Sri Lanka
Tanveer Ahmed ,Hong Kong
Mohammad Nawaz ,Pakistan
Evin Lewis ,West Indies
Khaleel Ahmed ,India
Rishabh Pant ,India
Deepak Chahar ,India
Peter Handscomb ,Australia
Tabraiz Shamsi ,South Africa
Barry McCarthy ,Ireland
Chaminda Bandara ,Sri Lanka
Ruaidhri Smith ,Scotland
Liam Dawson ,England
Jacob Ball ,England
Sean Terry ,Ireland
Roston Chase ,West Indies
Lakshan Sandakan ,Sri Lanka
Prince Masvaure ,Zimbabwe
Vishwa Fernando ,Sri Lanka
Alzarri Joseph ,West Indies
Rameez Shahzad ,United Arab Emirates
Christopher Sole ,Scotland
Hasan Ali ,Pakistan
M Amila Aponso ,Sri Lanka
Avishka Fernando ,Sri Lanka
Ehsan Khan ,Hong Kong
Shahid Wasif ,Hong Kong
Josh Little ,Ireland
Jacob Mulder ,Ireland
Lorcan Tucker ,Ireland
Nicholas Pooran ,West Indies
Andile Phehlukwayo ,South Africa
Dwaine Pretorius ,South Africa
Naveen -ul-Haq ,Afghanistan
Daniel Worrall ,Australia
Kesrick Williams ,West Indies
Rumman Raees ,Pakistan
Christopher Tremain ,Australia
Joe Mennie ,Australia
Ben Duckett ,England
Mehidy Hasan ,Bangladesh
Lahiru Kumara ,Sri Lanka
Carl Mumba ,Zimbabwe
Keshav Maharaj ,South Africa
Dogodo Bau ,Papua New Guinea
Kyle Christie ,Hong Kong
Rovman Powell ,West Indies
Tarisai Musakanda ,Zimbabwe
Lockie Ferguson ,New Zealand
Karim Janat ,Afghanistan
Mohammed Qasim ,United Arab Emirates
Ghulam Shabber ,United Arab Emirates
Hazratullah Zazai ,Afghanistan
Imran Haider ,United Arab Emirates
Subashis Roy ,Bangladesh
Tanbir Hayder ,Bangladesh
Hilton Cartwright ,Australia
Duanne Olivier ,South Africa
Billy Stanlake ,Australia
Kaleemullah ,Oman
Khurram Nawaz ,Oman
Zahoor Khan ,United Arab Emirates
Nazmul Hossain Shanto ,Bangladesh
Lungisani Ngidi ,South Africa
Cameron McAuslan ,Hong Kong
Adnan Mufti ,United Arab Emirates
Dane Paterson ,South Africa
Sandun Weerakkody ,Sri Lanka
Sam Heazlett ,Australia
Lahiru Madushanka ,Sri Lanka
Ryan Burl ,Zimbabwe
Richard Ngarava ,Zimbabwe
Ashton Turner ,Australia
Jhye Richardson ,Australia
Ihsanullah ,Afghanistan
Kuldeep Yadav ,India
Shadab Khan ,Pakistan
Fakhar Zaman ,Pakistan
Chirag Suri ,United Arab Emirates
Mohammed Siraj ,India
Alei Nao ,Papua New Guinea
Mohammad Saifuddin ,Bangladesh
Sultan Ahmed ,United Arab Emirates
Shimron Hetmeyer ,West Indies
Mohammad Abbas ,Pakistan
Washington Sundar ,India
Scott Kuggeleijn ,New Zealand
Seth Rance ,New Zealand
Simi Singh ,Ireland
Sunzamul Islam ,Bangladesh
Toby Roland-Jones ,England
Faheem Ashraf ,Pakistan
Tom Curran ,England
Dawid Malan ,England
Kyle Hope ,West Indies
Wanidu Hasaranga ,Sri Lanka
Asitha Fernando ,Sri Lanka
Malinda Pushpakumara ,Sri Lanka
Aiden Markram ,South Africa
Sunil Ambris ,West Indies
Stuart Whittingham ,Scotland
Edagedara Samarawickrama ,Sri Lanka
Jason Behrendorff ,Australia
Imam-ul-Haq ,Pakistan
Willem Mulder ,South Africa
Kiplin Doriga ,Papua New Guinea
Damien Ravu ,Papua New Guinea
Craig Overton ,England
Mujeeb Ur Rahman ,Afghanistan
Scott McKechnie ,Hong Kong
Raymon Reifer ,West Indies
Ronsford Beaton ,West Indies
Blessing Muzarabani ,Zimbabwe
Ashfaq Ahmed ,United Arab Emirates
Mohammad Boota ,United Arab Emirates
Michael Jones ,Scotland
Ton Sole ,Scotland
Scott Cameron ,Scotland
Alex Carey ,Australia
Amir Hayat ,United Arab Emirates
Shehan Madushanka ,Sri Lanka
D'Arcy Short ,Australia
Khayelihle Zondo ,South Africa
Heinrich Klaasen ,South Africa
Tim Seifert ,New Zealand
Ariful Haque ,Bangladesh
Nazmul Islam ,Bangladesh
Abu Jayed ,Bangladesh
Junior Dala ,South Africa
Christiaan Jonker ,South Africa
Jason Kila ,Papua New Guinea
Keemo Paul ,West Indies
Simandeep Singh ,Hong Kong
Hussain Talat ,Pakistan
Asif Ali ,Pakistan
Sandeep Lamichhane ,Nepal
Shubman Gill ,India
Jofra Archer ,England
Zahir Khan ,Afghanistan
Sam Curran ,England
Dylan Budge ,Scotland
Bas de Leede ,Netherlands
Scott Edwards ,Netherlands
Shane Snater ,Netherlands
Fred Klaassen ,Netherlands
Shaheen Shah Afridi ,Pakistan
Brandon Mavuta ,Zimbabwe
Ryan Murray ,Zimbabwe
Liam Roche ,Zimbabwe
Tinashe Kamunhukamwe ,Zimbabwe
Prabath Jayasuriya ,Sri Lanka
Anil Sah ,Nepal
Aarif Sheikh ,Nepal
Dipendra Singh Airee ,Nepal
Lallit Rajbanshi ,Nepal
Daniel ter Braak ,Netherlands
Rohit Kumar ,Nepal
Lalit Bhandari ,Nepal
Rassie van der Dussen ,South Africa
Olly Stone ,England
Chandrapaul Hemraj ,West Indies
Oshane Thomas ,West Indies
Fazle Mahmud ,Bangladesh
Obed McCoy ,West Indies
Fabian Allen ,West Indies
Kamindu Mendis ,Sri Lanka
Ben Foakes ,England
John Campbell ,West Indies
Pawan Sarraf ,Nepal
Fahad Nawaz ,United Arab Emirates
Chundangapoyil Rizwan ,United Arab Emirates
Sundeep Jora ,Nepal
Oshada Fernando ,Sri Lanka
Fayyaz Butt ,Oman
Sandeep Goud ,Oman
James McCollum ,Ireland
James Cameron-Dow ,Ireland
Ikram Ali Khil ,Afghanistan
Anrich Nortje ,South Africa
Priyamal Perera ,Sri Lanka
Jaskaran Malhotra ,United States
Steven Taylor ,United States
Monank Patel ,United States
Hayden Walsh ,United States
Aaron Jones ,United States
Jessy Singh ,United States
Timil Patel ,United States
Saurabh Netravalkar ,United States
Zakir Hossain ,Bangladesh
Mohammad Hasnain ,Pakistan
Abid Ali ,Pakistan
Saad Ali ,Pakistan
Karima Gore ,United States
Ali Khan ,United States
Simon Atai ,Papua New Guinea
Stephan Baard ,Namibia
Karl Birkenstock ,Namibia
J P Kotze ,Namibia
Gerhard Erasmus ,Namibia
Craig Williams ,Namibia
J J Smit ,Namibia
Zane Green ,Namibia
Christi Viljoen ,Namibia
Jan Frylinck ,Namibia
Pikky Ya France ,Namibia
Bernard Scholtz ,Namibia
Suraj Kumar ,Oman
Mark Adair ,Ireland
